factor,mean_ic,ic_vol,ic_ir,positive_ic_rate,observations
trend_strength,0.058877459339530966,0.4336161058341864,0.135782454911962,0.5521755872160184,2597
composite_alpha,0.05467847516365037,0.4336494208913288,0.1260891229861751,0.542164035425491,2597
momentum_126,0.04462108293452152,0.42862638924924046,0.10410250991003488,0.5456295725837504,2597
momentum_252,0.038790179144434056,0.4375122749519287,0.08866077905744724,0.5256064690026954,2597
low_vol_63,0.0010268258246694895,0.4183152118818502,0.0024546700562242717,0.4913361571043512,2597
reversal_21,-0.024497130388543557,0.39735366205653083,-0.061650697420924716,0.4740084713130535,2597
