quantile,mean_forward_return,forward_return_vol,count,annualized_mean_proxy
1,0.008411781721586438,0.06577032001232175,5194,0.1057448697171739
2,0.003445011857773893,0.059525567952366874,5194,0.04213250231210264
3,0.005611898275866329,0.05553677669693203,5194,0.06946072156418603
4,0.013756866781009586,0.052604153467279015,5194,0.17816388955994733
